<?xml version="1.0" encoding="UTF-8"?>
<configurationDescriptor version="100">
  <logicalFolder name="root" displayName="root" projectFiles="true" kind="ROOT">
    <logicalFolder name="HeaderFiles"
                   displayName="Header Files"
                   projectFiles="true">
      <itemPath>Administrador.h</itemPath>
      <itemPath>AssistenteAdministrativo.h</itemPath>
      <itemPath>Especialista.h</itemPath>
      <itemPath>FileHelper.h</itemPath>
      <itemPath>Funcionario.h</itemPath>
      <itemPath>RegistroAgenda.h</itemPath>
      <itemPath>RegistroPagamentoConsulta.h</itemPath>
      <itemPath>RegistroPagamentoConta.h</itemPath>
      <itemPath>RegistroPonto.h</itemPath>
      <itemPath>SistemaClinica.h</itemPath>
      <itemPath>Usuario.h</itemPath>
      <itemPath>utils.h</itemPath>
    </logicalFolder>
    <logicalFolder name="ResourceFiles"
                   displayName="Resource Files"
                   projectFiles="true">
    </logicalFolder>
    <logicalFolder name="SourceFiles"
                   displayName="Source Files"
                   projectFiles="true">
      <itemPath>Administrador.cpp</itemPath>
      <itemPath>AssistenteAdministrativo.cpp</itemPath>
      <itemPath>Especialista.cpp</itemPath>
      <itemPath>FileHelper.cpp</itemPath>
      <itemPath>Funcionario.cpp</itemPath>
      <itemPath>RegistroAgenda.cpp</itemPath>
      <itemPath>RegistroPagamentoConsulta.cpp</itemPath>
      <itemPath>RegistroPagamentoConta.cpp</itemPath>
      <itemPath>RegistroPonto.cpp</itemPath>
      <itemPath>SistemaClinica.cpp</itemPath>
      <itemPath>Usuario.cpp</itemPath>
      <itemPath>main.cpp</itemPath>
    </logicalFolder>
    <logicalFolder name="TestFiles"
                   displayName="Test Files"
                   projectFiles="false"
                   kind="TEST_LOGICAL_FOLDER">
    </logicalFolder>
    <logicalFolder name="ExternalFiles"
                   displayName="Important Files"
                   projectFiles="false"
                   kind="IMPORTANT_FILES_FOLDER">
      <itemPath>Makefile</itemPath>
    </logicalFolder>
  </logicalFolder>
  <projectmakefile>Makefile</projectmakefile>
  <confs>
    <conf name="Debug" type="1">
      <toolsSet>
        <compilerSet>default</compilerSet>
        <dependencyChecking>true</dependencyChecking>
        <rebuildPropChanged>false</rebuildPropChanged>
      </toolsSet>
      <compileType>
        <ccTool>
          <standard>11</standard>
          <incDir>
            <pElem>.</pElem>
          </incDir>
        </ccTool>
      </compileType>
      <item path="Administrador.cpp" ex="false" tool="1" flavor2="0">
      </item>
      <item path="Administrador.h" ex="false" tool="3" flavor2="0">
      </item>
      <item path="AssistenteAdministrativo.cpp" ex="false" tool="1" flavor2="0">
      </item>
      <item path="AssistenteAdministrativo.h" ex="false" tool="3" flavor2="0">
      </item>
      <item path="Especialista.cpp" ex="false" tool="1" flavor2="0">
      </item>
      <item path="Especialista.h" ex="false" tool="3" flavor2="0">
      </item>
      <item path="FileHelper.cpp" ex="false" tool="1" flavor2="0">
      </item>
      <item path="FileHelper.h" ex="false" tool="3" flavor2="0">
      </item>
      <item path="Funcionario.cpp" ex="false" tool="1" flavor2="0">
      </item>
      <item path="Funcionario.h" ex="false" tool="3" flavor2="0">
      </item>
      <item path="RegistroAgenda.cpp" ex="false" tool="1" flavor2="0">
      </item>
      <item path="RegistroAgenda.h" ex="false" tool="3" flavor2="0">
      </item>
      <item path="RegistroPagamentoConsulta.cpp" ex="false" tool="1" flavor2="0">
      </item>
      <item path="RegistroPagamentoConsulta.h" ex="false" tool="3" flavor2="0">
      </item>
      <item path="RegistroPagamentoConta.cpp" ex="false" tool="1" flavor2="0">
      </item>
      <item path="RegistroPagamentoConta.h" ex="false" tool="3" flavor2="0">
      </item>
      <item path="RegistroPonto.cpp" ex="false" tool="1" flavor2="0">
      </item>
      <item path="RegistroPonto.h" ex="false" tool="3" flavor2="0">
      </item>
      <item path="SistemaClinica.cpp" ex="false" tool="1" flavor2="0">
      </item>
      <item path="SistemaClinica.h" ex="false" tool="3" flavor2="0">
      </item>
      <item path="Usuario.cpp" ex="false" tool="1" flavor2="0">
      </item>
      <item path="Usuario.h" ex="false" tool="3" flavor2="0">
      </item>
      <item path="main.cpp" ex="false" tool="1" flavor2="0">
      </item>
      <item path="utils.h" ex="false" tool="3" flavor2="0">
      </item>
    </conf>
    <conf name="Release" type="1">
      <toolsSet>
        <compilerSet>default</compilerSet>
        <dependencyChecking>true</dependencyChecking>
        <rebuildPropChanged>false</rebuildPropChanged>
      </toolsSet>
      <compileType>
        <cTool>
          <developmentMode>5</developmentMode>
        </cTool>
        <ccTool>
          <developmentMode>5</developmentMode>
        </ccTool>
        <fortranCompilerTool>
          <developmentMode>5</developmentMode>
        </fortranCompilerTool>
        <asmTool>
          <developmentMode>5</developmentMode>
        </asmTool>
      </compileType>
      <item path="Administrador.cpp" ex="false" tool="1" flavor2="0">
      </item>
      <item path="Administrador.h" ex="false" tool="3" flavor2="0">
      </item>
      <item path="AssistenteAdministrativo.cpp" ex="false" tool="1" flavor2="0">
      </item>
      <item path="AssistenteAdministrativo.h" ex="false" tool="3" flavor2="0">
      </item>
      <item path="Especialista.cpp" ex="false" tool="1" flavor2="0">
      </item>
      <item path="Especialista.h" ex="false" tool="3" flavor2="0">
      </item>
      <item path="FileHelper.cpp" ex="false" tool="1" flavor2="0">
      </item>
      <item path="FileHelper.h" ex="false" tool="3" flavor2="0">
      </item>
      <item path="Funcionario.cpp" ex="false" tool="1" flavor2="0">
      </item>
      <item path="Funcionario.h" ex="false" tool="3" flavor2="0">
      </item>
      <item path="RegistroAgenda.cpp" ex="false" tool="1" flavor2="0">
      </item>
      <item path="RegistroAgenda.h" ex="false" tool="3" flavor2="0">
      </item>
      <item path="RegistroPagamentoConsulta.cpp" ex="false" tool="1" flavor2="0">
      </item>
      <item path="RegistroPagamentoConsulta.h" ex="false" tool="3" flavor2="0">
      </item>
      <item path="RegistroPagamentoConta.cpp" ex="false" tool="1" flavor2="0">
      </item>
      <item path="RegistroPagamentoConta.h" ex="false" tool="3" flavor2="0">
      </item>
      <item path="RegistroPonto.cpp" ex="false" tool="1" flavor2="0">
      </item>
      <item path="RegistroPonto.h" ex="false" tool="3" flavor2="0">
      </item>
      <item path="SistemaClinica.cpp" ex="false" tool="1" flavor2="0">
      </item>
      <item path="SistemaClinica.h" ex="false" tool="3" flavor2="0">
      </item>
      <item path="Usuario.cpp" ex="false" tool="1" flavor2="0">
      </item>
      <item path="Usuario.h" ex="false" tool="3" flavor2="0">
      </item>
      <item path="main.cpp" ex="false" tool="1" flavor2="0">
      </item>
      <item path="utils.h" ex="false" tool="3" flavor2="0">
      </item>
    </conf>
  </confs>
</configurationDescriptor>
